{
    "roles_1245756807473791119": [
        {
            "roleName": "here",
            "roleId": "1246777768323055668",
            "price": 10
        },
        {
            "roleName": "go",
            "roleId": "1249081574167678976",
            "price": 15
        }
    ],
    "recipient_1245756807473791119": "1186442982136758416",
    "probot_1245756807473791119": "282859044593598464",
    "probot_1215665892688535592": "282859044593598464",
    "recipient_1215665892688535592": "1089558785900679259",
    "roles_1215665892688535592": [
        {
            "roleName": "Distinct S",
            "roleId": "1250183873879474208",
            "price": 120000
        },
        {
            "roleName": "Designer S",
            "roleId": "1250184113063989330",
            "price": 11
        }
    ]
}